label,groups,query,bench_time,result_set,exec_time
regexp_like_1.sql,['string_operations'],"SELECT p.id, p.body, c.text FROM posts p JOIN comments c ON c.postid = p.id WHERE c.text LIKE '%https://%' AND p.body NOT LIKE '%https://%'",2025-03-09 21:26:24.415146,"[[[{""Plan"": {""Node Type"": ""Gather"", ""Parallel Aware"": false, ""Async Capable"": false, ""Startup Cost"": 1000.29, ""Total Cost"": 11807.94, ""Plan Rows"": 1738, ""Plan Width"": 1057, ""Actual Startup Time"": 1.347, ""Actual Total Time"": 51.414, ""Actual Rows"": 694, ""Actual Loops"": 1, ""Workers Planned"": 2, ""Workers Launched"": 2, ""Single Copy"": false, ""Plans"": [{""Node Type"": ""Nested Loop"", ""Parent Relationship"": ""Outer"", ""Parallel Aware"": false, ""Async Capable"": false, ""Join Type"": ""Inner"", ""Startup Cost"": 0.29, ""Total Cost"": 10634.14, ""Plan Rows"": 724, ""Plan Width"": 1057, ""Actual Startup Time"": 1.23, ""Actual Total Time"": 45.338, ""Actual Rows"": 231, ""Actual Loops"": 3, ""Inner Unique"": true, ""Workers"": [], ""Plans"": [{""Node Type"": ""Seq Scan"", ""Parent Relationship"": ""Outer"", ""Parallel Aware"": true, ""Async Capable"": false, ""Relation Name"": ""comments"", ""Alias"": ""c"", ""Startup Cost"": 0.0, ""Total Cost"": 7259.84, ""Plan Rows"": 733, ""Plan Width"": 236, ""Actual Startup Time"": 1.202, ""Actual Total Time"": 42.304, ""Actual Rows"": 258, ""Actual Loops"": 3, ""Filter"": ""(text ~~ '%https://%'::text)"", ""Rows Removed by Filter"": 57844, ""Workers"": []}, {""Node Type"": ""Index Scan"", ""Parent Relationship"": ""Inner"", ""Parallel Aware"": false, ""Async Capable"": false, ""Scan Direction"": ""Forward"", ""Index Name"": ""posts_pkey"", ""Relation Name"": ""posts"", ""Alias"": ""p"", ""Startup Cost"": 0.29, ""Total Cost"": 4.6, ""Plan Rows"": 1, ""Plan Width"": 825, ""Actual Startup Time"": 0.011, ""Actual Total Time"": 0.011, ""Actual Rows"": 1, ""Actual Loops"": 773, ""Index Cond"": ""(id = c.postid)"", ""Rows Removed by Index Recheck"": 0, ""Filter"": ""(body !~~ '%https://%'::text)"", ""Rows Removed by Filter"": 0, ""Workers"": []}]}]}, ""Settings"": {}, ""Planning Time"": 0.465, ""Triggers"": [], ""Execution Time"": 51.472}]]]",57119500
regexp_like_1.sql,['string_operations'],"SELECT p.id, p.body, c.text FROM posts p JOIN comments c ON c.postid = p.id WHERE c.text LIKE '%https://%' AND p.body NOT LIKE '%https://%'",2025-03-09 21:26:24.471474,"[[[{""Plan"": {""Node Type"": ""Gather"", ""Parallel Aware"": false, ""Async Capable"": false, ""Startup Cost"": 1000.29, ""Total Cost"": 11807.94, ""Plan Rows"": 1738, ""Plan Width"": 1057, ""Actual Startup Time"": 1.744, ""Actual Total Time"": 52.188, ""Actual Rows"": 694, ""Actual Loops"": 1, ""Workers Planned"": 2, ""Workers Launched"": 2, ""Single Copy"": false, ""Plans"": [{""Node Type"": ""Nested Loop"", ""Parent Relationship"": ""Outer"", ""Parallel Aware"": false, ""Async Capable"": false, ""Join Type"": ""Inner"", ""Startup Cost"": 0.29, ""Total Cost"": 10634.14, ""Plan Rows"": 724, ""Plan Width"": 1057, ""Actual Startup Time"": 0.728, ""Actual Total Time"": 45.213, ""Actual Rows"": 231, ""Actual Loops"": 3, ""Inner Unique"": true, ""Workers"": [], ""Plans"": [{""Node Type"": ""Seq Scan"", ""Parent Relationship"": ""Outer"", ""Parallel Aware"": true, ""Async Capable"": false, ""Relation Name"": ""comments"", ""Alias"": ""c"", ""Startup Cost"": 0.0, ""Total Cost"": 7259.84, ""Plan Rows"": 733, ""Plan Width"": 236, ""Actual Startup Time"": 0.643, ""Actual Total Time"": 41.939, ""Actual Rows"": 258, ""Actual Loops"": 3, ""Filter"": ""(text ~~ '%https://%'::text)"", ""Rows Removed by Filter"": 57844, ""Workers"": []}, {""Node Type"": ""Index Scan"", ""Parent Relationship"": ""Inner"", ""Parallel Aware"": false, ""Async Capable"": false, ""Scan Direction"": ""Forward"", ""Index Name"": ""posts_pkey"", ""Relation Name"": ""posts"", ""Alias"": ""p"", ""Startup Cost"": 0.29, ""Total Cost"": 4.6, ""Plan Rows"": 1, ""Plan Width"": 825, ""Actual Startup Time"": 0.011, ""Actual Total Time"": 0.011, ""Actual Rows"": 1, ""Actual Loops"": 773, ""Index Cond"": ""(id = c.postid)"", ""Rows Removed by Index Recheck"": 0, ""Filter"": ""(body !~~ '%https://%'::text)"", ""Rows Removed by Filter"": 0, ""Workers"": []}]}]}, ""Settings"": {}, ""Planning Time"": 0.513, ""Triggers"": [], ""Execution Time"": 52.259}]]]",56267700
regexp_like_1.sql,['string_operations'],"SELECT p.id, p.body, c.text FROM posts p JOIN comments c ON c.postid = p.id WHERE c.text LIKE '%https://%' AND p.body NOT LIKE '%https://%'",2025-03-09 21:26:24.528221,"[[[{""Plan"": {""Node Type"": ""Gather"", ""Parallel Aware"": false, ""Async Capable"": false, ""Startup Cost"": 1000.29, ""Total Cost"": 11807.94, ""Plan Rows"": 1738, ""Plan Width"": 1057, ""Actual Startup Time"": 1.604, ""Actual Total Time"": 82.195, ""Actual Rows"": 694, ""Actual Loops"": 1, ""Workers Planned"": 2, ""Workers Launched"": 2, ""Single Copy"": false, ""Plans"": [{""Node Type"": ""Nested Loop"", ""Parent Relationship"": ""Outer"", ""Parallel Aware"": false, ""Async Capable"": false, ""Join Type"": ""Inner"", ""Startup Cost"": 0.29, ""Total Cost"": 10634.14, ""Plan Rows"": 724, ""Plan Width"": 1057, ""Actual Startup Time"": 1.042, ""Actual Total Time"": 73.455, ""Actual Rows"": 231, ""Actual Loops"": 3, ""Inner Unique"": true, ""Workers"": [], ""Plans"": [{""Node Type"": ""Seq Scan"", ""Parent Relationship"": ""Outer"", ""Parallel Aware"": true, ""Async Capable"": false, ""Relation Name"": ""comments"", ""Alias"": ""c"", ""Startup Cost"": 0.0, ""Total Cost"": 7259.84, ""Plan Rows"": 733, ""Plan Width"": 236, ""Actual Startup Time"": 0.977, ""Actual Total Time"": 67.996, ""Actual Rows"": 258, ""Actual Loops"": 3, ""Filter"": ""(text ~~ '%https://%'::text)"", ""Rows Removed by Filter"": 57844, ""Workers"": []}, {""Node Type"": ""Index Scan"", ""Parent Relationship"": ""Inner"", ""Parallel Aware"": false, ""Async Capable"": false, ""Scan Direction"": ""Forward"", ""Index Name"": ""posts_pkey"", ""Relation Name"": ""posts"", ""Alias"": ""p"", ""Startup Cost"": 0.29, ""Total Cost"": 4.6, ""Plan Rows"": 1, ""Plan Width"": 825, ""Actual Startup Time"": 0.02, ""Actual Total Time"": 0.02, ""Actual Rows"": 1, ""Actual Loops"": 773, ""Index Cond"": ""(id = c.postid)"", ""Rows Removed by Index Recheck"": 0, ""Filter"": ""(body !~~ '%https://%'::text)"", ""Rows Removed by Filter"": 0, ""Workers"": []}]}]}, ""Settings"": {}, ""Planning Time"": 0.602, ""Triggers"": [], ""Execution Time"": 82.287}]]]",87679200
regexp_like_1.sql,['string_operations'],"SELECT p.id, p.body, c.text FROM posts p JOIN comments c ON c.postid = p.id WHERE c.text LIKE '%https://%' AND p.body NOT LIKE '%https://%'",2025-03-09 21:26:24.615802,"[[[{""Plan"": {""Node Type"": ""Gather"", ""Parallel Aware"": false, ""Async Capable"": false, ""Startup Cost"": 1000.29, ""Total Cost"": 11807.94, ""Plan Rows"": 1738, ""Plan Width"": 1057, ""Actual Startup Time"": 2.455, ""Actual Total Time"": 63.361, ""Actual Rows"": 694, ""Actual Loops"": 1, ""Workers Planned"": 2, ""Workers Launched"": 2, ""Single Copy"": false, ""Plans"": [{""Node Type"": ""Nested Loop"", ""Parent Relationship"": ""Outer"", ""Parallel Aware"": false, ""Async Capable"": false, ""Join Type"": ""Inner"", ""Startup Cost"": 0.29, ""Total Cost"": 10634.14, ""Plan Rows"": 724, ""Plan Width"": 1057, ""Actual Startup Time"": 1.197, ""Actual Total Time"": 54.904, ""Actual Rows"": 231, ""Actual Loops"": 3, ""Inner Unique"": true, ""Workers"": [], ""Plans"": [{""Node Type"": ""Seq Scan"", ""Parent Relationship"": ""Outer"", ""Parallel Aware"": true, ""Async Capable"": false, ""Relation Name"": ""comments"", ""Alias"": ""c"", ""Startup Cost"": 0.0, ""Total Cost"": 7259.84, ""Plan Rows"": 733, ""Plan Width"": 236, ""Actual Startup Time"": 1.156, ""Actual Total Time"": 51.435, ""Actual Rows"": 258, ""Actual Loops"": 3, ""Filter"": ""(text ~~ '%https://%'::text)"", ""Rows Removed by Filter"": 57844, ""Workers"": []}, {""Node Type"": ""Index Scan"", ""Parent Relationship"": ""Inner"", ""Parallel Aware"": false, ""Async Capable"": false, ""Scan Direction"": ""Forward"", ""Index Name"": ""posts_pkey"", ""Relation Name"": ""posts"", ""Alias"": ""p"", ""Startup Cost"": 0.29, ""Total Cost"": 4.6, ""Plan Rows"": 1, ""Plan Width"": 825, ""Actual Startup Time"": 0.012, ""Actual Total Time"": 0.012, ""Actual Rows"": 1, ""Actual Loops"": 773, ""Index Cond"": ""(id = c.postid)"", ""Rows Removed by Index Recheck"": 0, ""Filter"": ""(body !~~ '%https://%'::text)"", ""Rows Removed by Filter"": 0, ""Workers"": []}]}]}, ""Settings"": {}, ""Planning Time"": 0.863, ""Triggers"": [], ""Execution Time"": 63.439}]]]",68296300
regexp_like_1.sql,['string_operations'],"SELECT p.id, p.body, c.text FROM posts p JOIN comments c ON c.postid = p.id WHERE c.text LIKE '%https://%' AND p.body NOT LIKE '%https://%'",2025-03-09 21:26:24.684537,"[[[{""Plan"": {""Node Type"": ""Gather"", ""Parallel Aware"": false, ""Async Capable"": false, ""Startup Cost"": 1000.29, ""Total Cost"": 11807.94, ""Plan Rows"": 1738, ""Plan Width"": 1057, ""Actual Startup Time"": 2.089, ""Actual Total Time"": 59.388, ""Actual Rows"": 694, ""Actual Loops"": 1, ""Workers Planned"": 2, ""Workers Launched"": 2, ""Single Copy"": false, ""Plans"": [{""Node Type"": ""Nested Loop"", ""Parent Relationship"": ""Outer"", ""Parallel Aware"": false, ""Async Capable"": false, ""Join Type"": ""Inner"", ""Startup Cost"": 0.29, ""Total Cost"": 10634.14, ""Plan Rows"": 724, ""Plan Width"": 1057, ""Actual Startup Time"": 1.822, ""Actual Total Time"": 51.44, ""Actual Rows"": 231, ""Actual Loops"": 3, ""Inner Unique"": true, ""Workers"": [], ""Plans"": [{""Node Type"": ""Seq Scan"", ""Parent Relationship"": ""Outer"", ""Parallel Aware"": true, ""Async Capable"": false, ""Relation Name"": ""comments"", ""Alias"": ""c"", ""Startup Cost"": 0.0, ""Total Cost"": 7259.84, ""Plan Rows"": 733, ""Plan Width"": 236, ""Actual Startup Time"": 1.636, ""Actual Total Time"": 47.906, ""Actual Rows"": 258, ""Actual Loops"": 3, ""Filter"": ""(text ~~ '%https://%'::text)"", ""Rows Removed by Filter"": 57844, ""Workers"": []}, {""Node Type"": ""Index Scan"", ""Parent Relationship"": ""Inner"", ""Parallel Aware"": false, ""Async Capable"": false, ""Scan Direction"": ""Forward"", ""Index Name"": ""posts_pkey"", ""Relation Name"": ""posts"", ""Alias"": ""p"", ""Startup Cost"": 0.29, ""Total Cost"": 4.6, ""Plan Rows"": 1, ""Plan Width"": 825, ""Actual Startup Time"": 0.013, ""Actual Total Time"": 0.013, ""Actual Rows"": 1, ""Actual Loops"": 773, ""Index Cond"": ""(id = c.postid)"", ""Rows Removed by Index Recheck"": 0, ""Filter"": ""(body !~~ '%https://%'::text)"", ""Rows Removed by Filter"": 0, ""Workers"": []}]}]}, ""Settings"": {}, ""Planning Time"": 0.492, ""Triggers"": [], ""Execution Time"": 59.46}]]]",63880600
regexp_like_1.sql,['string_operations'],"SELECT p.id, p.body, c.text FROM posts p JOIN comments c ON c.postid = p.id WHERE c.text LIKE '%https://%' AND p.body NOT LIKE '%https://%'",2025-03-09 21:26:24.748507,"[[[{""Plan"": {""Node Type"": ""Gather"", ""Parallel Aware"": false, ""Async Capable"": false, ""Startup Cost"": 1000.29, ""Total Cost"": 11807.94, ""Plan Rows"": 1738, ""Plan Width"": 1057, ""Actual Startup Time"": 1.747, ""Actual Total Time"": 57.975, ""Actual Rows"": 694, ""Actual Loops"": 1, ""Workers Planned"": 2, ""Workers Launched"": 2, ""Single Copy"": false, ""Plans"": [{""Node Type"": ""Nested Loop"", ""Parent Relationship"": ""Outer"", ""Parallel Aware"": false, ""Async Capable"": false, ""Join Type"": ""Inner"", ""Startup Cost"": 0.29, ""Total Cost"": 10634.14, ""Plan Rows"": 724, ""Plan Width"": 1057, ""Actual Startup Time"": 1.249, ""Actual Total Time"": 51.603, ""Actual Rows"": 231, ""Actual Loops"": 3, ""Inner Unique"": true, ""Workers"": [], ""Plans"": [{""Node Type"": ""Seq Scan"", ""Parent Relationship"": ""Outer"", ""Parallel Aware"": true, ""Async Capable"": false, ""Relation Name"": ""comments"", ""Alias"": ""c"", ""Startup Cost"": 0.0, ""Total Cost"": 7259.84, ""Plan Rows"": 733, ""Plan Width"": 236, ""Actual Startup Time"": 1.214, ""Actual Total Time"": 48.173, ""Actual Rows"": 258, ""Actual Loops"": 3, ""Filter"": ""(text ~~ '%https://%'::text)"", ""Rows Removed by Filter"": 57844, ""Workers"": []}, {""Node Type"": ""Index Scan"", ""Parent Relationship"": ""Inner"", ""Parallel Aware"": false, ""Async Capable"": false, ""Scan Direction"": ""Forward"", ""Index Name"": ""posts_pkey"", ""Relation Name"": ""posts"", ""Alias"": ""p"", ""Startup Cost"": 0.29, ""Total Cost"": 4.6, ""Plan Rows"": 1, ""Plan Width"": 825, ""Actual Startup Time"": 0.012, ""Actual Total Time"": 0.012, ""Actual Rows"": 1, ""Actual Loops"": 773, ""Index Cond"": ""(id = c.postid)"", ""Rows Removed by Index Recheck"": 0, ""Filter"": ""(body !~~ '%https://%'::text)"", ""Rows Removed by Filter"": 0, ""Workers"": []}]}]}, ""Settings"": {}, ""Planning Time"": 0.582, ""Triggers"": [], ""Execution Time"": 58.04}]]]",63524500
regexp_like_1.sql,['string_operations'],"SELECT p.id, p.body, c.text FROM posts p JOIN comments c ON c.postid = p.id WHERE c.text LIKE '%https://%' AND p.body NOT LIKE '%https://%'",2025-03-09 21:26:24.812122,"[[[{""Plan"": {""Node Type"": ""Gather"", ""Parallel Aware"": false, ""Async Capable"": false, ""Startup Cost"": 1000.29, ""Total Cost"": 11807.94, ""Plan Rows"": 1738, ""Plan Width"": 1057, ""Actual Startup Time"": 1.416, ""Actual Total Time"": 43.813, ""Actual Rows"": 694, ""Actual Loops"": 1, ""Workers Planned"": 2, ""Workers Launched"": 2, ""Single Copy"": false, ""Plans"": [{""Node Type"": ""Nested Loop"", ""Parent Relationship"": ""Outer"", ""Parallel Aware"": false, ""Async Capable"": false, ""Join Type"": ""Inner"", ""Startup Cost"": 0.29, ""Total Cost"": 10634.14, ""Plan Rows"": 724, ""Plan Width"": 1057, ""Actual Startup Time"": 0.8, ""Actual Total Time"": 38.115, ""Actual Rows"": 231, ""Actual Loops"": 3, ""Inner Unique"": true, ""Workers"": [], ""Plans"": [{""Node Type"": ""Seq Scan"", ""Parent Relationship"": ""Outer"", ""Parallel Aware"": true, ""Async Capable"": false, ""Relation Name"": ""comments"", ""Alias"": ""c"", ""Startup Cost"": 0.0, ""Total Cost"": 7259.84, ""Plan Rows"": 733, ""Plan Width"": 236, ""Actual Startup Time"": 0.639, ""Actual Total Time"": 35.671, ""Actual Rows"": 258, ""Actual Loops"": 3, ""Filter"": ""(text ~~ '%https://%'::text)"", ""Rows Removed by Filter"": 57844, ""Workers"": []}, {""Node Type"": ""Index Scan"", ""Parent Relationship"": ""Inner"", ""Parallel Aware"": false, ""Async Capable"": false, ""Scan Direction"": ""Forward"", ""Index Name"": ""posts_pkey"", ""Relation Name"": ""posts"", ""Alias"": ""p"", ""Startup Cost"": 0.29, ""Total Cost"": 4.6, ""Plan Rows"": 1, ""Plan Width"": 825, ""Actual Startup Time"": 0.009, ""Actual Total Time"": 0.009, ""Actual Rows"": 1, ""Actual Loops"": 773, ""Index Cond"": ""(id = c.postid)"", ""Rows Removed by Index Recheck"": 0, ""Filter"": ""(body !~~ '%https://%'::text)"", ""Rows Removed by Filter"": 0, ""Workers"": []}]}]}, ""Settings"": {}, ""Planning Time"": 0.471, ""Triggers"": [], ""Execution Time"": 43.87}]]]",47388900
regexp_like_1.sql,['string_operations'],"SELECT p.id, p.body, c.text FROM posts p JOIN comments c ON c.postid = p.id WHERE c.text LIKE '%https://%' AND p.body NOT LIKE '%https://%'",2025-03-09 21:26:24.859472,"[[[{""Plan"": {""Node Type"": ""Gather"", ""Parallel Aware"": false, ""Async Capable"": false, ""Startup Cost"": 1000.29, ""Total Cost"": 11807.94, ""Plan Rows"": 1738, ""Plan Width"": 1057, ""Actual Startup Time"": 1.69, ""Actual Total Time"": 48.642, ""Actual Rows"": 694, ""Actual Loops"": 1, ""Workers Planned"": 2, ""Workers Launched"": 2, ""Single Copy"": false, ""Plans"": [{""Node Type"": ""Nested Loop"", ""Parent Relationship"": ""Outer"", ""Parallel Aware"": false, ""Async Capable"": false, ""Join Type"": ""Inner"", ""Startup Cost"": 0.29, ""Total Cost"": 10634.14, ""Plan Rows"": 724, ""Plan Width"": 1057, ""Actual Startup Time"": 0.783, ""Actual Total Time"": 41.706, ""Actual Rows"": 231, ""Actual Loops"": 3, ""Inner Unique"": true, ""Workers"": [], ""Plans"": [{""Node Type"": ""Seq Scan"", ""Parent Relationship"": ""Outer"", ""Parallel Aware"": true, ""Async Capable"": false, ""Relation Name"": ""comments"", ""Alias"": ""c"", ""Startup Cost"": 0.0, ""Total Cost"": 7259.84, ""Plan Rows"": 733, ""Plan Width"": 236, ""Actual Startup Time"": 0.723, ""Actual Total Time"": 38.755, ""Actual Rows"": 258, ""Actual Loops"": 3, ""Filter"": ""(text ~~ '%https://%'::text)"", ""Rows Removed by Filter"": 57844, ""Workers"": []}, {""Node Type"": ""Index Scan"", ""Parent Relationship"": ""Inner"", ""Parallel Aware"": false, ""Async Capable"": false, ""Scan Direction"": ""Forward"", ""Index Name"": ""posts_pkey"", ""Relation Name"": ""posts"", ""Alias"": ""p"", ""Startup Cost"": 0.29, ""Total Cost"": 4.6, ""Plan Rows"": 1, ""Plan Width"": 825, ""Actual Startup Time"": 0.011, ""Actual Total Time"": 0.011, ""Actual Rows"": 1, ""Actual Loops"": 773, ""Index Cond"": ""(id = c.postid)"", ""Rows Removed by Index Recheck"": 0, ""Filter"": ""(body !~~ '%https://%'::text)"", ""Rows Removed by Filter"": 0, ""Workers"": []}]}]}, ""Settings"": {}, ""Planning Time"": 0.57, ""Triggers"": [], ""Execution Time"": 48.71}]]]",52382200
regexp_like_1.sql,['string_operations'],"SELECT p.id, p.body, c.text FROM posts p JOIN comments c ON c.postid = p.id WHERE c.text LIKE '%https://%' AND p.body NOT LIKE '%https://%'",2025-03-09 21:26:24.911733,"[[[{""Plan"": {""Node Type"": ""Gather"", ""Parallel Aware"": false, ""Async Capable"": false, ""Startup Cost"": 1000.29, ""Total Cost"": 11807.94, ""Plan Rows"": 1738, ""Plan Width"": 1057, ""Actual Startup Time"": 1.523, ""Actual Total Time"": 47.39, ""Actual Rows"": 694, ""Actual Loops"": 1, ""Workers Planned"": 2, ""Workers Launched"": 2, ""Single Copy"": false, ""Plans"": [{""Node Type"": ""Nested Loop"", ""Parent Relationship"": ""Outer"", ""Parallel Aware"": false, ""Async Capable"": false, ""Join Type"": ""Inner"", ""Startup Cost"": 0.29, ""Total Cost"": 10634.14, ""Plan Rows"": 724, ""Plan Width"": 1057, ""Actual Startup Time"": 0.976, ""Actual Total Time"": 41.293, ""Actual Rows"": 231, ""Actual Loops"": 3, ""Inner Unique"": true, ""Workers"": [], ""Plans"": [{""Node Type"": ""Seq Scan"", ""Parent Relationship"": ""Outer"", ""Parallel Aware"": true, ""Async Capable"": false, ""Relation Name"": ""comments"", ""Alias"": ""c"", ""Startup Cost"": 0.0, ""Total Cost"": 7259.84, ""Plan Rows"": 733, ""Plan Width"": 236, ""Actual Startup Time"": 0.946, ""Actual Total Time"": 38.528, ""Actual Rows"": 258, ""Actual Loops"": 3, ""Filter"": ""(text ~~ '%https://%'::text)"", ""Rows Removed by Filter"": 57844, ""Workers"": []}, {""Node Type"": ""Index Scan"", ""Parent Relationship"": ""Inner"", ""Parallel Aware"": false, ""Async Capable"": false, ""Scan Direction"": ""Forward"", ""Index Name"": ""posts_pkey"", ""Relation Name"": ""posts"", ""Alias"": ""p"", ""Startup Cost"": 0.29, ""Total Cost"": 4.6, ""Plan Rows"": 1, ""Plan Width"": 825, ""Actual Startup Time"": 0.01, ""Actual Total Time"": 0.01, ""Actual Rows"": 1, ""Actual Loops"": 773, ""Index Cond"": ""(id = c.postid)"", ""Rows Removed by Index Recheck"": 0, ""Filter"": ""(body !~~ '%https://%'::text)"", ""Rows Removed by Filter"": 0, ""Workers"": []}]}]}, ""Settings"": {}, ""Planning Time"": 0.613, ""Triggers"": [], ""Execution Time"": 47.448}]]]",51255000
regexp_like_1.sql,['string_operations'],"SELECT p.id, p.body, c.text FROM posts p JOIN comments c ON c.postid = p.id WHERE c.text LIKE '%https://%' AND p.body NOT LIKE '%https://%'",2025-03-09 21:26:24.963234,"[[[{""Plan"": {""Node Type"": ""Gather"", ""Parallel Aware"": false, ""Async Capable"": false, ""Startup Cost"": 1000.29, ""Total Cost"": 11807.94, ""Plan Rows"": 1738, ""Plan Width"": 1057, ""Actual Startup Time"": 1.705, ""Actual Total Time"": 48.156, ""Actual Rows"": 694, ""Actual Loops"": 1, ""Workers Planned"": 2, ""Workers Launched"": 2, ""Single Copy"": false, ""Plans"": [{""Node Type"": ""Nested Loop"", ""Parent Relationship"": ""Outer"", ""Parallel Aware"": false, ""Async Capable"": false, ""Join Type"": ""Inner"", ""Startup Cost"": 0.29, ""Total Cost"": 10634.14, ""Plan Rows"": 724, ""Plan Width"": 1057, ""Actual Startup Time"": 0.704, ""Actual Total Time"": 41.727, ""Actual Rows"": 231, ""Actual Loops"": 3, ""Inner Unique"": true, ""Workers"": [], ""Plans"": [{""Node Type"": ""Seq Scan"", ""Parent Relationship"": ""Outer"", ""Parallel Aware"": true, ""Async Capable"": false, ""Relation Name"": ""comments"", ""Alias"": ""c"", ""Startup Cost"": 0.0, ""Total Cost"": 7259.84, ""Plan Rows"": 733, ""Plan Width"": 236, ""Actual Startup Time"": 0.614, ""Actual Total Time"": 38.849, ""Actual Rows"": 258, ""Actual Loops"": 3, ""Filter"": ""(text ~~ '%https://%'::text)"", ""Rows Removed by Filter"": 57844, ""Workers"": []}, {""Node Type"": ""Index Scan"", ""Parent Relationship"": ""Inner"", ""Parallel Aware"": false, ""Async Capable"": false, ""Scan Direction"": ""Forward"", ""Index Name"": ""posts_pkey"", ""Relation Name"": ""posts"", ""Alias"": ""p"", ""Startup Cost"": 0.29, ""Total Cost"": 4.6, ""Plan Rows"": 1, ""Plan Width"": 825, ""Actual Startup Time"": 0.01, ""Actual Total Time"": 0.01, ""Actual Rows"": 1, ""Actual Loops"": 773, ""Index Cond"": ""(id = c.postid)"", ""Rows Removed by Index Recheck"": 0, ""Filter"": ""(body !~~ '%https://%'::text)"", ""Rows Removed by Filter"": 0, ""Workers"": []}]}]}, ""Settings"": {}, ""Planning Time"": 0.462, ""Triggers"": [], ""Execution Time"": 48.219}]]]",51911600
regexp_like_2.sql,['string_operations'],"SELECT p.id, p.body, c.text FROM posts p JOIN comments c ON c.postid = p.id WHERE REGEXP_LIKE(c.text, 'https://' ) AND NOT REGEXP_LIKE(p.body, 'https://' )",2025-03-09 21:26:26.702489,"[[[{""Plan"": {""Node Type"": ""Gather"", ""Parallel Aware"": false, ""Async Capable"": false, ""Startup Cost"": 8562.45, ""Total Cost"": 25308.29, ""Plan Rows"": 38734, ""Plan Width"": 1057, ""Actual Startup Time"": 121.645, ""Actual Total Time"": 386.556, ""Actual Rows"": 694, ""Actual Loops"": 1, ""Workers Planned"": 2, ""Workers Launched"": 2, ""Single Copy"": false, ""Plans"": [{""Node Type"": ""Hash Join"", ""Parent Relationship"": ""Outer"", ""Parallel Aware"": true, ""Async Capable"": false, ""Join Type"": ""Inner"", ""Startup Cost"": 7562.45, ""Total Cost"": 20434.89, ""Plan Rows"": 16139, ""Plan Width"": 1057, ""Actual Startup Time"": 121.155, ""Actual Total Time"": 381.048, ""Actual Rows"": 231, ""Actual Loops"": 3, ""Inner Unique"": false, ""Hash Cond"": ""(p.id = c.postid)"", ""Workers"": [], ""Plans"": [{""Node Type"": ""Seq Scan"", ""Parent Relationship"": ""Outer"", ""Parallel Aware"": true, ""Async Capable"": false, ""Relation Name"": ""posts"", ""Alias"": ""p"", ""Startup Cost"": 0.0, ""Total Cost"": 11879.04, ""Plan Rows"": 25549, ""Plan Width"": 825, ""Actual Startup Time"": 0.051, ""Actual Total Time"": 256.568, ""Actual Rows"": 29897, ""Actual Loops"": 3, ""Filter"": ""(NOT regexp_like(body, 'https://'::text))"", ""Rows Removed by Filter"": 761, ""Workers"": []}, {""Node Type"": ""Hash"", ""Parent Relationship"": ""Inner"", ""Parallel Aware"": true, ""Async Capable"": false, ""Startup Cost"": 7259.84, ""Total Cost"": 7259.84, ""Plan Rows"": 24209, ""Plan Width"": 236, ""Actual Startup Time"": 119.25, ""Actual Total Time"": 119.25, ""Actual Rows"": 258, ""Actual Loops"": 3, ""Hash Buckets"": 65536, ""Original Hash Buckets"": 65536, ""Hash Batches"": 1, ""Original Hash Batches"": 1, ""Peak Memory Usage"": 800, ""Workers"": [], ""Plans"": [{""Node Type"": ""Seq Scan"", ""Parent Relationship"": ""Outer"", ""Parallel Aware"": true, ""Async Capable"": false, ""Relation Name"": ""comments"", ""Alias"": ""c"", ""Startup Cost"": 0.0, ""Total Cost"": 7259.84, ""Plan Rows"": 24209, ""Plan Width"": 236, ""Actual Startup Time"": 2.211, ""Actual Total Time"": 118.83, ""Actual Rows"": 258, ""Actual Loops"": 3, ""Filter"": ""regexp_like(text, 'https://'::text)"", ""Rows Removed by Filter"": 57844, ""Workers"": []}]}]}]}, ""Settings"": {}, ""Planning Time"": 0.202, ""Triggers"": [], ""Execution Time"": 386.628}]]]",402624600
regexp_like_2.sql,['string_operations'],"SELECT p.id, p.body, c.text FROM posts p JOIN comments c ON c.postid = p.id WHERE REGEXP_LIKE(c.text, 'https://' ) AND NOT REGEXP_LIKE(p.body, 'https://' )",2025-03-09 21:26:27.105539,"[[[{""Plan"": {""Node Type"": ""Gather"", ""Parallel Aware"": false, ""Async Capable"": false, ""Startup Cost"": 8562.45, ""Total Cost"": 25308.29, ""Plan Rows"": 38734, ""Plan Width"": 1057, ""Actual Startup Time"": 174.983, ""Actual Total Time"": 465.573, ""Actual Rows"": 694, ""Actual Loops"": 1, ""Workers Planned"": 2, ""Workers Launched"": 2, ""Single Copy"": false, ""Plans"": [{""Node Type"": ""Hash Join"", ""Parent Relationship"": ""Outer"", ""Parallel Aware"": true, ""Async Capable"": false, ""Join Type"": ""Inner"", ""Startup Cost"": 7562.45, ""Total Cost"": 20434.89, ""Plan Rows"": 16139, ""Plan Width"": 1057, ""Actual Startup Time"": 176.096, ""Actual Total Time"": 460.034, ""Actual Rows"": 231, ""Actual Loops"": 3, ""Inner Unique"": false, ""Hash Cond"": ""(p.id = c.postid)"", ""Workers"": [], ""Plans"": [{""Node Type"": ""Seq Scan"", ""Parent Relationship"": ""Outer"", ""Parallel Aware"": true, ""Async Capable"": false, ""Relation Name"": ""posts"", ""Alias"": ""p"", ""Startup Cost"": 0.0, ""Total Cost"": 11879.04, ""Plan Rows"": 25549, ""Plan Width"": 825, ""Actual Startup Time"": 0.066, ""Actual Total Time"": 280.769, ""Actual Rows"": 29897, ""Actual Loops"": 3, ""Filter"": ""(NOT regexp_like(body, 'https://'::text))"", ""Rows Removed by Filter"": 761, ""Workers"": []}, {""Node Type"": ""Hash"", ""Parent Relationship"": ""Inner"", ""Parallel Aware"": true, ""Async Capable"": false, ""Startup Cost"": 7259.84, ""Total Cost"": 7259.84, ""Plan Rows"": 24209, ""Plan Width"": 236, ""Actual Startup Time"": 172.635, ""Actual Total Time"": 172.636, ""Actual Rows"": 258, ""Actual Loops"": 3, ""Hash Buckets"": 65536, ""Original Hash Buckets"": 65536, ""Hash Batches"": 1, ""Original Hash Batches"": 1, ""Peak Memory Usage"": 800, ""Workers"": [], ""Plans"": [{""Node Type"": ""Seq Scan"", ""Parent Relationship"": ""Outer"", ""Parallel Aware"": true, ""Async Capable"": false, ""Relation Name"": ""comments"", ""Alias"": ""c"", ""Startup Cost"": 0.0, ""Total Cost"": 7259.84, ""Plan Rows"": 24209, ""Plan Width"": 236, ""Actual Startup Time"": 3.369, ""Actual Total Time"": 171.968, ""Actual Rows"": 258, ""Actual Loops"": 3, ""Filter"": ""regexp_like(text, 'https://'::text)"", ""Rows Removed by Filter"": 57844, ""Workers"": []}]}]}]}, ""Settings"": {}, ""Planning Time"": 0.199, ""Triggers"": [], ""Execution Time"": 465.658}]]]",484419200
regexp_like_2.sql,['string_operations'],"SELECT p.id, p.body, c.text FROM posts p JOIN comments c ON c.postid = p.id WHERE REGEXP_LIKE(c.text, 'https://' ) AND NOT REGEXP_LIKE(p.body, 'https://' )",2025-03-09 21:26:27.589821,"[[[{""Plan"": {""Node Type"": ""Gather"", ""Parallel Aware"": false, ""Async Capable"": false, ""Startup Cost"": 8562.45, ""Total Cost"": 25308.29, ""Plan Rows"": 38734, ""Plan Width"": 1057, ""Actual Startup Time"": 131.498, ""Actual Total Time"": 387.446, ""Actual Rows"": 694, ""Actual Loops"": 1, ""Workers Planned"": 2, ""Workers Launched"": 2, ""Single Copy"": false, ""Plans"": [{""Node Type"": ""Hash Join"", ""Parent Relationship"": ""Outer"", ""Parallel Aware"": true, ""Async Capable"": false, ""Join Type"": ""Inner"", ""Startup Cost"": 7562.45, ""Total Cost"": 20434.89, ""Plan Rows"": 16139, ""Plan Width"": 1057, ""Actual Startup Time"": 127.359, ""Actual Total Time"": 381.291, ""Actual Rows"": 231, ""Actual Loops"": 3, ""Inner Unique"": false, ""Hash Cond"": ""(p.id = c.postid)"", ""Workers"": [], ""Plans"": [{""Node Type"": ""Seq Scan"", ""Parent Relationship"": ""Outer"", ""Parallel Aware"": true, ""Async Capable"": false, ""Relation Name"": ""posts"", ""Alias"": ""p"", ""Startup Cost"": 0.0, ""Total Cost"": 11879.04, ""Plan Rows"": 25549, ""Plan Width"": 825, ""Actual Startup Time"": 0.043, ""Actual Total Time"": 250.803, ""Actual Rows"": 29897, ""Actual Loops"": 3, ""Filter"": ""(NOT regexp_like(body, 'https://'::text))"", ""Rows Removed by Filter"": 761, ""Workers"": []}, {""Node Type"": ""Hash"", ""Parent Relationship"": ""Inner"", ""Parallel Aware"": true, ""Async Capable"": false, ""Startup Cost"": 7259.84, ""Total Cost"": 7259.84, ""Plan Rows"": 24209, ""Plan Width"": 236, ""Actual Startup Time"": 125.588, ""Actual Total Time"": 125.589, ""Actual Rows"": 258, ""Actual Loops"": 3, ""Hash Buckets"": 65536, ""Original Hash Buckets"": 65536, ""Hash Batches"": 1, ""Original Hash Batches"": 1, ""Peak Memory Usage"": 800, ""Workers"": [], ""Plans"": [{""Node Type"": ""Seq Scan"", ""Parent Relationship"": ""Outer"", ""Parallel Aware"": true, ""Async Capable"": false, ""Relation Name"": ""comments"", ""Alias"": ""c"", ""Startup Cost"": 0.0, ""Total Cost"": 7259.84, ""Plan Rows"": 24209, ""Plan Width"": 236, ""Actual Startup Time"": 2.137, ""Actual Total Time"": 125.109, ""Actual Rows"": 258, ""Actual Loops"": 3, ""Filter"": ""regexp_like(text, 'https://'::text)"", ""Rows Removed by Filter"": 57844, ""Workers"": []}]}]}]}, ""Settings"": {}, ""Planning Time"": 0.234, ""Triggers"": [], ""Execution Time"": 387.522}]]]",403587900
regexp_like_2.sql,['string_operations'],"SELECT p.id, p.body, c.text FROM posts p JOIN comments c ON c.postid = p.id WHERE REGEXP_LIKE(c.text, 'https://' ) AND NOT REGEXP_LIKE(p.body, 'https://' )",2025-03-09 21:26:27.992923,"[[[{""Plan"": {""Node Type"": ""Gather"", ""Parallel Aware"": false, ""Async Capable"": false, ""Startup Cost"": 8562.45, ""Total Cost"": 25308.29, ""Plan Rows"": 38734, ""Plan Width"": 1057, ""Actual Startup Time"": 125.0, ""Actual Total Time"": 376.973, ""Actual Rows"": 694, ""Actual Loops"": 1, ""Workers Planned"": 2, ""Workers Launched"": 2, ""Single Copy"": false, ""Plans"": [{""Node Type"": ""Hash Join"", ""Parent Relationship"": ""Outer"", ""Parallel Aware"": true, ""Async Capable"": false, ""Join Type"": ""Inner"", ""Startup Cost"": 7562.45, ""Total Cost"": 20434.89, ""Plan Rows"": 16139, ""Plan Width"": 1057, ""Actual Startup Time"": 126.488, ""Actual Total Time"": 371.077, ""Actual Rows"": 231, ""Actual Loops"": 3, ""Inner Unique"": false, ""Hash Cond"": ""(p.id = c.postid)"", ""Workers"": [], ""Plans"": [{""Node Type"": ""Seq Scan"", ""Parent Relationship"": ""Outer"", ""Parallel Aware"": true, ""Async Capable"": false, ""Relation Name"": ""posts"", ""Alias"": ""p"", ""Startup Cost"": 0.0, ""Total Cost"": 11879.04, ""Plan Rows"": 25549, ""Plan Width"": 825, ""Actual Startup Time"": 0.037, ""Actual Total Time"": 244.437, ""Actual Rows"": 29897, ""Actual Loops"": 3, ""Filter"": ""(NOT regexp_like(body, 'https://'::text))"", ""Rows Removed by Filter"": 761, ""Workers"": []}, {""Node Type"": ""Hash"", ""Parent Relationship"": ""Inner"", ""Parallel Aware"": true, ""Async Capable"": false, ""Startup Cost"": 7259.84, ""Total Cost"": 7259.84, ""Plan Rows"": 24209, ""Plan Width"": 236, ""Actual Startup Time"": 122.338, ""Actual Total Time"": 122.338, ""Actual Rows"": 258, ""Actual Loops"": 3, ""Hash Buckets"": 65536, ""Original Hash Buckets"": 65536, ""Hash Batches"": 1, ""Original Hash Batches"": 1, ""Peak Memory Usage"": 832, ""Workers"": [], ""Plans"": [{""Node Type"": ""Seq Scan"", ""Parent Relationship"": ""Outer"", ""Parallel Aware"": true, ""Async Capable"": false, ""Relation Name"": ""comments"", ""Alias"": ""c"", ""Startup Cost"": 0.0, ""Total Cost"": 7259.84, ""Plan Rows"": 24209, ""Plan Width"": 236, ""Actual Startup Time"": 1.27, ""Actual Total Time"": 121.987, ""Actual Rows"": 258, ""Actual Loops"": 3, ""Filter"": ""regexp_like(text, 'https://'::text)"", ""Rows Removed by Filter"": 57844, ""Workers"": []}]}]}]}, ""Settings"": {}, ""Planning Time"": 0.181, ""Triggers"": [], ""Execution Time"": 377.037}]]]",392758100
regexp_like_2.sql,['string_operations'],"SELECT p.id, p.body, c.text FROM posts p JOIN comments c ON c.postid = p.id WHERE REGEXP_LIKE(c.text, 'https://' ) AND NOT REGEXP_LIKE(p.body, 'https://' )",2025-03-09 21:26:28.385842,"[[[{""Plan"": {""Node Type"": ""Gather"", ""Parallel Aware"": false, ""Async Capable"": false, ""Startup Cost"": 8562.45, ""Total Cost"": 25308.29, ""Plan Rows"": 38734, ""Plan Width"": 1057, ""Actual Startup Time"": 122.412, ""Actual Total Time"": 384.811, ""Actual Rows"": 694, ""Actual Loops"": 1, ""Workers Planned"": 2, ""Workers Launched"": 2, ""Single Copy"": false, ""Plans"": [{""Node Type"": ""Hash Join"", ""Parent Relationship"": ""Outer"", ""Parallel Aware"": true, ""Async Capable"": false, ""Join Type"": ""Inner"", ""Startup Cost"": 7562.45, ""Total Cost"": 20434.89, ""Plan Rows"": 16139, ""Plan Width"": 1057, ""Actual Startup Time"": 121.244, ""Actual Total Time"": 378.929, ""Actual Rows"": 231, ""Actual Loops"": 3, ""Inner Unique"": false, ""Hash Cond"": ""(p.id = c.postid)"", ""Workers"": [], ""Plans"": [{""Node Type"": ""Seq Scan"", ""Parent Relationship"": ""Outer"", ""Parallel Aware"": true, ""Async Capable"": false, ""Relation Name"": ""posts"", ""Alias"": ""p"", ""Startup Cost"": 0.0, ""Total Cost"": 11879.04, ""Plan Rows"": 25549, ""Plan Width"": 825, ""Actual Startup Time"": 0.052, ""Actual Total Time"": 254.632, ""Actual Rows"": 29897, ""Actual Loops"": 3, ""Filter"": ""(NOT regexp_like(body, 'https://'::text))"", ""Rows Removed by Filter"": 761, ""Workers"": []}, {""Node Type"": ""Hash"", ""Parent Relationship"": ""Inner"", ""Parallel Aware"": true, ""Async Capable"": false, ""Startup Cost"": 7259.84, ""Total Cost"": 7259.84, ""Plan Rows"": 24209, ""Plan Width"": 236, ""Actual Startup Time"": 119.741, ""Actual Total Time"": 119.742, ""Actual Rows"": 258, ""Actual Loops"": 3, ""Hash Buckets"": 65536, ""Original Hash Buckets"": 65536, ""Hash Batches"": 1, ""Original Hash Batches"": 1, ""Peak Memory Usage"": 800, ""Workers"": [], ""Plans"": [{""Node Type"": ""Seq Scan"", ""Parent Relationship"": ""Outer"", ""Parallel Aware"": true, ""Async Capable"": false, ""Relation Name"": ""comments"", ""Alias"": ""c"", ""Startup Cost"": 0.0, ""Total Cost"": 7259.84, ""Plan Rows"": 24209, ""Plan Width"": 236, ""Actual Startup Time"": 2.381, ""Actual Total Time"": 119.299, ""Actual Rows"": 258, ""Actual Loops"": 3, ""Filter"": ""regexp_like(text, 'https://'::text)"", ""Rows Removed by Filter"": 57844, ""Workers"": []}]}]}]}, ""Settings"": {}, ""Planning Time"": 0.177, ""Triggers"": [], ""Execution Time"": 384.876}]]]",400500000
regexp_like_2.sql,['string_operations'],"SELECT p.id, p.body, c.text FROM posts p JOIN comments c ON c.postid = p.id WHERE REGEXP_LIKE(c.text, 'https://' ) AND NOT REGEXP_LIKE(p.body, 'https://' )",2025-03-09 21:26:28.786702,"[[[{""Plan"": {""Node Type"": ""Gather"", ""Parallel Aware"": false, ""Async Capable"": false, ""Startup Cost"": 8562.45, ""Total Cost"": 25308.29, ""Plan Rows"": 38734, ""Plan Width"": 1057, ""Actual Startup Time"": 125.915, ""Actual Total Time"": 386.499, ""Actual Rows"": 694, ""Actual Loops"": 1, ""Workers Planned"": 2, ""Workers Launched"": 2, ""Single Copy"": false, ""Plans"": [{""Node Type"": ""Hash Join"", ""Parent Relationship"": ""Outer"", ""Parallel Aware"": true, ""Async Capable"": false, ""Join Type"": ""Inner"", ""Startup Cost"": 7562.45, ""Total Cost"": 20434.89, ""Plan Rows"": 16139, ""Plan Width"": 1057, ""Actual Startup Time"": 126.7, ""Actual Total Time"": 380.776, ""Actual Rows"": 231, ""Actual Loops"": 3, ""Inner Unique"": false, ""Hash Cond"": ""(p.id = c.postid)"", ""Workers"": [], ""Plans"": [{""Node Type"": ""Seq Scan"", ""Parent Relationship"": ""Outer"", ""Parallel Aware"": true, ""Async Capable"": false, ""Relation Name"": ""posts"", ""Alias"": ""p"", ""Startup Cost"": 0.0, ""Total Cost"": 11879.04, ""Plan Rows"": 25549, ""Plan Width"": 825, ""Actual Startup Time"": 0.044, ""Actual Total Time"": 254.377, ""Actual Rows"": 29897, ""Actual Loops"": 3, ""Filter"": ""(NOT regexp_like(body, 'https://'::text))"", ""Rows Removed by Filter"": 761, ""Workers"": []}, {""Node Type"": ""Hash"", ""Parent Relationship"": ""Inner"", ""Parallel Aware"": true, ""Async Capable"": false, ""Startup Cost"": 7259.84, ""Total Cost"": 7259.84, ""Plan Rows"": 24209, ""Plan Width"": 236, ""Actual Startup Time"": 121.849, ""Actual Total Time"": 121.849, ""Actual Rows"": 258, ""Actual Loops"": 3, ""Hash Buckets"": 65536, ""Original Hash Buckets"": 65536, ""Hash Batches"": 1, ""Original Hash Batches"": 1, ""Peak Memory Usage"": 800, ""Workers"": [], ""Plans"": [{""Node Type"": ""Seq Scan"", ""Parent Relationship"": ""Outer"", ""Parallel Aware"": true, ""Async Capable"": false, ""Relation Name"": ""comments"", ""Alias"": ""c"", ""Startup Cost"": 0.0, ""Total Cost"": 7259.84, ""Plan Rows"": 24209, ""Plan Width"": 236, ""Actual Startup Time"": 1.947, ""Actual Total Time"": 121.479, ""Actual Rows"": 258, ""Actual Loops"": 3, ""Filter"": ""regexp_like(text, 'https://'::text)"", ""Rows Removed by Filter"": 57844, ""Workers"": []}]}]}]}, ""Settings"": {}, ""Planning Time"": 0.162, ""Triggers"": [], ""Execution Time"": 386.561}]]]",402828300
regexp_like_2.sql,['string_operations'],"SELECT p.id, p.body, c.text FROM posts p JOIN comments c ON c.postid = p.id WHERE REGEXP_LIKE(c.text, 'https://' ) AND NOT REGEXP_LIKE(p.body, 'https://' )",2025-03-09 21:26:29.189752,"[[[{""Plan"": {""Node Type"": ""Gather"", ""Parallel Aware"": false, ""Async Capable"": false, ""Startup Cost"": 8562.45, ""Total Cost"": 25308.29, ""Plan Rows"": 38734, ""Plan Width"": 1057, ""Actual Startup Time"": 127.483, ""Actual Total Time"": 388.54, ""Actual Rows"": 694, ""Actual Loops"": 1, ""Workers Planned"": 2, ""Workers Launched"": 2, ""Single Copy"": false, ""Plans"": [{""Node Type"": ""Hash Join"", ""Parent Relationship"": ""Outer"", ""Parallel Aware"": true, ""Async Capable"": false, ""Join Type"": ""Inner"", ""Startup Cost"": 7562.45, ""Total Cost"": 20434.89, ""Plan Rows"": 16139, ""Plan Width"": 1057, ""Actual Startup Time"": 125.78, ""Actual Total Time"": 382.062, ""Actual Rows"": 231, ""Actual Loops"": 3, ""Inner Unique"": false, ""Hash Cond"": ""(p.id = c.postid)"", ""Workers"": [], ""Plans"": [{""Node Type"": ""Seq Scan"", ""Parent Relationship"": ""Outer"", ""Parallel Aware"": true, ""Async Capable"": false, ""Relation Name"": ""posts"", ""Alias"": ""p"", ""Startup Cost"": 0.0, ""Total Cost"": 11879.04, ""Plan Rows"": 25549, ""Plan Width"": 825, ""Actual Startup Time"": 0.036, ""Actual Total Time"": 253.934, ""Actual Rows"": 29897, ""Actual Loops"": 3, ""Filter"": ""(NOT regexp_like(body, 'https://'::text))"", ""Rows Removed by Filter"": 761, ""Workers"": []}, {""Node Type"": ""Hash"", ""Parent Relationship"": ""Inner"", ""Parallel Aware"": true, ""Async Capable"": false, ""Startup Cost"": 7259.84, ""Total Cost"": 7259.84, ""Plan Rows"": 24209, ""Plan Width"": 236, ""Actual Startup Time"": 123.624, ""Actual Total Time"": 123.625, ""Actual Rows"": 258, ""Actual Loops"": 3, ""Hash Buckets"": 65536, ""Original Hash Buckets"": 65536, ""Hash Batches"": 1, ""Original Hash Batches"": 1, ""Peak Memory Usage"": 800, ""Workers"": [], ""Plans"": [{""Node Type"": ""Seq Scan"", ""Parent Relationship"": ""Outer"", ""Parallel Aware"": true, ""Async Capable"": false, ""Relation Name"": ""comments"", ""Alias"": ""c"", ""Startup Cost"": 0.0, ""Total Cost"": 7259.84, ""Plan Rows"": 24209, ""Plan Width"": 236, ""Actual Startup Time"": 3.967, ""Actual Total Time"": 123.075, ""Actual Rows"": 258, ""Actual Loops"": 3, ""Filter"": ""regexp_like(text, 'https://'::text)"", ""Rows Removed by Filter"": 57844, ""Workers"": []}]}]}]}, ""Settings"": {}, ""Planning Time"": 0.192, ""Triggers"": [], ""Execution Time"": 388.629}]]]",404258400
regexp_like_2.sql,['string_operations'],"SELECT p.id, p.body, c.text FROM posts p JOIN comments c ON c.postid = p.id WHERE REGEXP_LIKE(c.text, 'https://' ) AND NOT REGEXP_LIKE(p.body, 'https://' )",2025-03-09 21:26:29.594060,"[[[{""Plan"": {""Node Type"": ""Gather"", ""Parallel Aware"": false, ""Async Capable"": false, ""Startup Cost"": 8562.45, ""Total Cost"": 25308.29, ""Plan Rows"": 38734, ""Plan Width"": 1057, ""Actual Startup Time"": 122.695, ""Actual Total Time"": 382.518, ""Actual Rows"": 694, ""Actual Loops"": 1, ""Workers Planned"": 2, ""Workers Launched"": 2, ""Single Copy"": false, ""Plans"": [{""Node Type"": ""Hash Join"", ""Parent Relationship"": ""Outer"", ""Parallel Aware"": true, ""Async Capable"": false, ""Join Type"": ""Inner"", ""Startup Cost"": 7562.45, ""Total Cost"": 20434.89, ""Plan Rows"": 16139, ""Plan Width"": 1057, ""Actual Startup Time"": 120.702, ""Actual Total Time"": 376.718, ""Actual Rows"": 231, ""Actual Loops"": 3, ""Inner Unique"": false, ""Hash Cond"": ""(p.id = c.postid)"", ""Workers"": [], ""Plans"": [{""Node Type"": ""Seq Scan"", ""Parent Relationship"": ""Outer"", ""Parallel Aware"": true, ""Async Capable"": false, ""Relation Name"": ""posts"", ""Alias"": ""p"", ""Startup Cost"": 0.0, ""Total Cost"": 11879.04, ""Plan Rows"": 25549, ""Plan Width"": 825, ""Actual Startup Time"": 0.055, ""Actual Total Time"": 253.999, ""Actual Rows"": 29897, ""Actual Loops"": 3, ""Filter"": ""(NOT regexp_like(body, 'https://'::text))"", ""Rows Removed by Filter"": 761, ""Workers"": []}, {""Node Type"": ""Hash"", ""Parent Relationship"": ""Inner"", ""Parallel Aware"": true, ""Async Capable"": false, ""Startup Cost"": 7259.84, ""Total Cost"": 7259.84, ""Plan Rows"": 24209, ""Plan Width"": 236, ""Actual Startup Time"": 118.22, ""Actual Total Time"": 118.22, ""Actual Rows"": 258, ""Actual Loops"": 3, ""Hash Buckets"": 65536, ""Original Hash Buckets"": 65536, ""Hash Batches"": 1, ""Original Hash Batches"": 1, ""Peak Memory Usage"": 800, ""Workers"": [], ""Plans"": [{""Node Type"": ""Seq Scan"", ""Parent Relationship"": ""Outer"", ""Parallel Aware"": true, ""Async Capable"": false, ""Relation Name"": ""comments"", ""Alias"": ""c"", ""Startup Cost"": 0.0, ""Total Cost"": 7259.84, ""Plan Rows"": 24209, ""Plan Width"": 236, ""Actual Startup Time"": 1.543, ""Actual Total Time"": 117.856, ""Actual Rows"": 258, ""Actual Loops"": 3, ""Filter"": ""regexp_like(text, 'https://'::text)"", ""Rows Removed by Filter"": 57844, ""Workers"": []}]}]}]}, ""Settings"": {}, ""Planning Time"": 0.17, ""Triggers"": [], ""Execution Time"": 382.58}]]]",398000800
regexp_like_2.sql,['string_operations'],"SELECT p.id, p.body, c.text FROM posts p JOIN comments c ON c.postid = p.id WHERE REGEXP_LIKE(c.text, 'https://' ) AND NOT REGEXP_LIKE(p.body, 'https://' )",2025-03-09 21:26:29.992006,"[[[{""Plan"": {""Node Type"": ""Gather"", ""Parallel Aware"": false, ""Async Capable"": false, ""Startup Cost"": 8562.45, ""Total Cost"": 25308.29, ""Plan Rows"": 38734, ""Plan Width"": 1057, ""Actual Startup Time"": 132.887, ""Actual Total Time"": 386.562, ""Actual Rows"": 694, ""Actual Loops"": 1, ""Workers Planned"": 2, ""Workers Launched"": 2, ""Single Copy"": false, ""Plans"": [{""Node Type"": ""Hash Join"", ""Parent Relationship"": ""Outer"", ""Parallel Aware"": true, ""Async Capable"": false, ""Join Type"": ""Inner"", ""Startup Cost"": 7562.45, ""Total Cost"": 20434.89, ""Plan Rows"": 16139, ""Plan Width"": 1057, ""Actual Startup Time"": 126.672, ""Actual Total Time"": 380.8, ""Actual Rows"": 231, ""Actual Loops"": 3, ""Inner Unique"": false, ""Hash Cond"": ""(p.id = c.postid)"", ""Workers"": [], ""Plans"": [{""Node Type"": ""Seq Scan"", ""Parent Relationship"": ""Outer"", ""Parallel Aware"": true, ""Async Capable"": false, ""Relation Name"": ""posts"", ""Alias"": ""p"", ""Startup Cost"": 0.0, ""Total Cost"": 11879.04, ""Plan Rows"": 25549, ""Plan Width"": 825, ""Actual Startup Time"": 0.038, ""Actual Total Time"": 253.045, ""Actual Rows"": 29897, ""Actual Loops"": 3, ""Filter"": ""(NOT regexp_like(body, 'https://'::text))"", ""Rows Removed by Filter"": 761, ""Workers"": []}, {""Node Type"": ""Hash"", ""Parent Relationship"": ""Inner"", ""Parallel Aware"": true, ""Async Capable"": false, ""Startup Cost"": 7259.84, ""Total Cost"": 7259.84, ""Plan Rows"": 24209, ""Plan Width"": 236, ""Actual Startup Time"": 123.467, ""Actual Total Time"": 123.468, ""Actual Rows"": 258, ""Actual Loops"": 3, ""Hash Buckets"": 65536, ""Original Hash Buckets"": 65536, ""Hash Batches"": 1, ""Original Hash Batches"": 1, ""Peak Memory Usage"": 800, ""Workers"": [], ""Plans"": [{""Node Type"": ""Seq Scan"", ""Parent Relationship"": ""Outer"", ""Parallel Aware"": true, ""Async Capable"": false, ""Relation Name"": ""comments"", ""Alias"": ""c"", ""Startup Cost"": 0.0, ""Total Cost"": 7259.84, ""Plan Rows"": 24209, ""Plan Width"": 236, ""Actual Startup Time"": 1.626, ""Actual Total Time"": 123.076, ""Actual Rows"": 258, ""Actual Loops"": 3, ""Filter"": ""regexp_like(text, 'https://'::text)"", ""Rows Removed by Filter"": 57844, ""Workers"": []}]}]}]}, ""Settings"": {}, ""Planning Time"": 0.425, ""Triggers"": [], ""Execution Time"": 386.622}]]]",402437900
regexp_like_2.sql,['string_operations'],"SELECT p.id, p.body, c.text FROM posts p JOIN comments c ON c.postid = p.id WHERE REGEXP_LIKE(c.text, 'https://' ) AND NOT REGEXP_LIKE(p.body, 'https://' )",2025-03-09 21:26:30.394190,"[[[{""Plan"": {""Node Type"": ""Gather"", ""Parallel Aware"": false, ""Async Capable"": false, ""Startup Cost"": 8562.45, ""Total Cost"": 25308.29, ""Plan Rows"": 38734, ""Plan Width"": 1057, ""Actual Startup Time"": 120.218, ""Actual Total Time"": 379.233, ""Actual Rows"": 694, ""Actual Loops"": 1, ""Workers Planned"": 2, ""Workers Launched"": 2, ""Single Copy"": false, ""Plans"": [{""Node Type"": ""Hash Join"", ""Parent Relationship"": ""Outer"", ""Parallel Aware"": true, ""Async Capable"": false, ""Join Type"": ""Inner"", ""Startup Cost"": 7562.45, ""Total Cost"": 20434.89, ""Plan Rows"": 16139, ""Plan Width"": 1057, ""Actual Startup Time"": 119.238, ""Actual Total Time"": 373.498, ""Actual Rows"": 231, ""Actual Loops"": 3, ""Inner Unique"": false, ""Hash Cond"": ""(p.id = c.postid)"", ""Workers"": [], ""Plans"": [{""Node Type"": ""Seq Scan"", ""Parent Relationship"": ""Outer"", ""Parallel Aware"": true, ""Async Capable"": false, ""Relation Name"": ""posts"", ""Alias"": ""p"", ""Startup Cost"": 0.0, ""Total Cost"": 11879.04, ""Plan Rows"": 25549, ""Plan Width"": 825, ""Actual Startup Time"": 0.04, ""Actual Total Time"": 253.301, ""Actual Rows"": 29897, ""Actual Loops"": 3, ""Filter"": ""(NOT regexp_like(body, 'https://'::text))"", ""Rows Removed by Filter"": 761, ""Workers"": []}, {""Node Type"": ""Hash"", ""Parent Relationship"": ""Inner"", ""Parallel Aware"": true, ""Async Capable"": false, ""Startup Cost"": 7259.84, ""Total Cost"": 7259.84, ""Plan Rows"": 24209, ""Plan Width"": 236, ""Actual Startup Time"": 115.63, ""Actual Total Time"": 115.63, ""Actual Rows"": 258, ""Actual Loops"": 3, ""Hash Buckets"": 65536, ""Original Hash Buckets"": 65536, ""Hash Batches"": 1, ""Original Hash Batches"": 1, ""Peak Memory Usage"": 800, ""Workers"": [], ""Plans"": [{""Node Type"": ""Seq Scan"", ""Parent Relationship"": ""Outer"", ""Parallel Aware"": true, ""Async Capable"": false, ""Relation Name"": ""comments"", ""Alias"": ""c"", ""Startup Cost"": 0.0, ""Total Cost"": 7259.84, ""Plan Rows"": 24209, ""Plan Width"": 236, ""Actual Startup Time"": 1.564, ""Actual Total Time"": 115.238, ""Actual Rows"": 258, ""Actual Loops"": 3, ""Filter"": ""regexp_like(text, 'https://'::text)"", ""Rows Removed by Filter"": 57844, ""Workers"": []}]}]}]}, ""Settings"": {}, ""Planning Time"": 0.17, ""Triggers"": [], ""Execution Time"": 379.291}]]]",394546500
regexp_like_3.sql,['string_operations'],"SELECT p.id, p.body, c.text FROM posts p JOIN comments c ON c.postid = p.id WHERE c.text SIMILAR to '%https://%' AND p.body NOT similar to '%https://%'",2025-03-09 21:26:31.277931,"[[[{""Plan"": {""Node Type"": ""Gather"", ""Parallel Aware"": false, ""Async Capable"": false, ""Startup Cost"": 1000.29, ""Total Cost"": 11807.94, ""Plan Rows"": 1738, ""Plan Width"": 1057, ""Actual Startup Time"": 3.027, ""Actual Total Time"": 132.092, ""Actual Rows"": 694, ""Actual Loops"": 1, ""Workers Planned"": 2, ""Workers Launched"": 2, ""Single Copy"": false, ""Plans"": [{""Node Type"": ""Nested Loop"", ""Parent Relationship"": ""Outer"", ""Parallel Aware"": false, ""Async Capable"": false, ""Join Type"": ""Inner"", ""Startup Cost"": 0.29, ""Total Cost"": 10634.14, ""Plan Rows"": 724, ""Plan Width"": 1057, ""Actual Startup Time"": 2.423, ""Actual Total Time"": 126.782, ""Actual Rows"": 231, ""Actual Loops"": 3, ""Inner Unique"": true, ""Workers"": [], ""Plans"": [{""Node Type"": ""Seq Scan"", ""Parent Relationship"": ""Outer"", ""Parallel Aware"": true, ""Async Capable"": false, ""Relation Name"": ""comments"", ""Alias"": ""c"", ""Startup Cost"": 0.0, ""Total Cost"": 7259.84, ""Plan Rows"": 733, ""Plan Width"": 236, ""Actual Startup Time"": 2.382, ""Actual Total Time"": 122.742, ""Actual Rows"": 258, ""Actual Loops"": 3, ""Filter"": ""(text ~ '^(?:.*https://.*)$'::text)"", ""Rows Removed by Filter"": 57844, ""Workers"": []}, {""Node Type"": ""Index Scan"", ""Parent Relationship"": ""Inner"", ""Parallel Aware"": false, ""Async Capable"": false, ""Scan Direction"": ""Forward"", ""Index Name"": ""posts_pkey"", ""Relation Name"": ""posts"", ""Alias"": ""p"", ""Startup Cost"": 0.29, ""Total Cost"": 4.6, ""Plan Rows"": 1, ""Plan Width"": 825, ""Actual Startup Time"": 0.015, ""Actual Total Time"": 0.015, ""Actual Rows"": 1, ""Actual Loops"": 773, ""Index Cond"": ""(id = c.postid)"", ""Rows Removed by Index Recheck"": 0, ""Filter"": ""(body !~ '^(?:.*https://.*)$'::text)"", ""Rows Removed by Filter"": 0, ""Workers"": []}]}]}, ""Settings"": {}, ""Planning Time"": 0.851, ""Triggers"": [], ""Execution Time"": 132.142}]]]",139356500
regexp_like_3.sql,['string_operations'],"SELECT p.id, p.body, c.text FROM posts p JOIN comments c ON c.postid = p.id WHERE c.text SIMILAR to '%https://%' AND p.body NOT similar to '%https://%'",2025-03-09 21:26:31.418020,"[[[{""Plan"": {""Node Type"": ""Gather"", ""Parallel Aware"": false, ""Async Capable"": false, ""Startup Cost"": 1000.29, ""Total Cost"": 11807.94, ""Plan Rows"": 1738, ""Plan Width"": 1057, ""Actual Startup Time"": 3.154, ""Actual Total Time"": 136.32, ""Actual Rows"": 694, ""Actual Loops"": 1, ""Workers Planned"": 2, ""Workers Launched"": 2, ""Single Copy"": false, ""Plans"": [{""Node Type"": ""Nested Loop"", ""Parent Relationship"": ""Outer"", ""Parallel Aware"": false, ""Async Capable"": false, ""Join Type"": ""Inner"", ""Startup Cost"": 0.29, ""Total Cost"": 10634.14, ""Plan Rows"": 724, ""Plan Width"": 1057, ""Actual Startup Time"": 2.26, ""Actual Total Time"": 130.844, ""Actual Rows"": 231, ""Actual Loops"": 3, ""Inner Unique"": true, ""Workers"": [], ""Plans"": [{""Node Type"": ""Seq Scan"", ""Parent Relationship"": ""Outer"", ""Parallel Aware"": true, ""Async Capable"": false, ""Relation Name"": ""comments"", ""Alias"": ""c"", ""Startup Cost"": 0.0, ""Total Cost"": 7259.84, ""Plan Rows"": 733, ""Plan Width"": 236, ""Actual Startup Time"": 2.213, ""Actual Total Time"": 126.654, ""Actual Rows"": 258, ""Actual Loops"": 3, ""Filter"": ""(text ~ '^(?:.*https://.*)$'::text)"", ""Rows Removed by Filter"": 57844, ""Workers"": []}, {""Node Type"": ""Index Scan"", ""Parent Relationship"": ""Inner"", ""Parallel Aware"": false, ""Async Capable"": false, ""Scan Direction"": ""Forward"", ""Index Name"": ""posts_pkey"", ""Relation Name"": ""posts"", ""Alias"": ""p"", ""Startup Cost"": 0.29, ""Total Cost"": 4.6, ""Plan Rows"": 1, ""Plan Width"": 825, ""Actual Startup Time"": 0.015, ""Actual Total Time"": 0.015, ""Actual Rows"": 1, ""Actual Loops"": 773, ""Index Cond"": ""(id = c.postid)"", ""Rows Removed by Index Recheck"": 0, ""Filter"": ""(body !~ '^(?:.*https://.*)$'::text)"", ""Rows Removed by Filter"": 0, ""Workers"": []}]}]}, ""Settings"": {}, ""Planning Time"": 0.895, ""Triggers"": [], ""Execution Time"": 136.368}]]]",143755200
regexp_like_3.sql,['string_operations'],"SELECT p.id, p.body, c.text FROM posts p JOIN comments c ON c.postid = p.id WHERE c.text SIMILAR to '%https://%' AND p.body NOT similar to '%https://%'",2025-03-09 21:26:31.561506,"[[[{""Plan"": {""Node Type"": ""Gather"", ""Parallel Aware"": false, ""Async Capable"": false, ""Startup Cost"": 1000.29, ""Total Cost"": 11807.94, ""Plan Rows"": 1738, ""Plan Width"": 1057, ""Actual Startup Time"": 3.177, ""Actual Total Time"": 137.939, ""Actual Rows"": 694, ""Actual Loops"": 1, ""Workers Planned"": 2, ""Workers Launched"": 2, ""Single Copy"": false, ""Plans"": [{""Node Type"": ""Nested Loop"", ""Parent Relationship"": ""Outer"", ""Parallel Aware"": false, ""Async Capable"": false, ""Join Type"": ""Inner"", ""Startup Cost"": 0.29, ""Total Cost"": 10634.14, ""Plan Rows"": 724, ""Plan Width"": 1057, ""Actual Startup Time"": 4.449, ""Actual Total Time"": 132.508, ""Actual Rows"": 231, ""Actual Loops"": 3, ""Inner Unique"": true, ""Workers"": [], ""Plans"": [{""Node Type"": ""Seq Scan"", ""Parent Relationship"": ""Outer"", ""Parallel Aware"": true, ""Async Capable"": false, ""Relation Name"": ""comments"", ""Alias"": ""c"", ""Startup Cost"": 0.0, ""Total Cost"": 7259.84, ""Plan Rows"": 733, ""Plan Width"": 236, ""Actual Startup Time"": 4.238, ""Actual Total Time"": 127.951, ""Actual Rows"": 258, ""Actual Loops"": 3, ""Filter"": ""(text ~ '^(?:.*https://.*)$'::text)"", ""Rows Removed by Filter"": 57844, ""Workers"": []}, {""Node Type"": ""Index Scan"", ""Parent Relationship"": ""Inner"", ""Parallel Aware"": false, ""Async Capable"": false, ""Scan Direction"": ""Forward"", ""Index Name"": ""posts_pkey"", ""Relation Name"": ""posts"", ""Alias"": ""p"", ""Startup Cost"": 0.29, ""Total Cost"": 4.6, ""Plan Rows"": 1, ""Plan Width"": 825, ""Actual Startup Time"": 0.017, ""Actual Total Time"": 0.017, ""Actual Rows"": 1, ""Actual Loops"": 773, ""Index Cond"": ""(id = c.postid)"", ""Rows Removed by Index Recheck"": 0, ""Filter"": ""(body !~ '^(?:.*https://.*)$'::text)"", ""Rows Removed by Filter"": 0, ""Workers"": []}]}]}, ""Settings"": {}, ""Planning Time"": 0.886, ""Triggers"": [], ""Execution Time"": 137.992}]]]",145369100
regexp_like_3.sql,['string_operations'],"SELECT p.id, p.body, c.text FROM posts p JOIN comments c ON c.postid = p.id WHERE c.text SIMILAR to '%https://%' AND p.body NOT similar to '%https://%'",2025-03-09 21:26:31.706964,"[[[{""Plan"": {""Node Type"": ""Gather"", ""Parallel Aware"": false, ""Async Capable"": false, ""Startup Cost"": 1000.29, ""Total Cost"": 11807.94, ""Plan Rows"": 1738, ""Plan Width"": 1057, ""Actual Startup Time"": 3.089, ""Actual Total Time"": 136.038, ""Actual Rows"": 694, ""Actual Loops"": 1, ""Workers Planned"": 2, ""Workers Launched"": 2, ""Single Copy"": false, ""Plans"": [{""Node Type"": ""Nested Loop"", ""Parent Relationship"": ""Outer"", ""Parallel Aware"": false, ""Async Capable"": false, ""Join Type"": ""Inner"", ""Startup Cost"": 0.29, ""Total Cost"": 10634.14, ""Plan Rows"": 724, ""Plan Width"": 1057, ""Actual Startup Time"": 2.289, ""Actual Total Time"": 131.113, ""Actual Rows"": 231, ""Actual Loops"": 3, ""Inner Unique"": true, ""Workers"": [], ""Plans"": [{""Node Type"": ""Seq Scan"", ""Parent Relationship"": ""Outer"", ""Parallel Aware"": true, ""Async Capable"": false, ""Relation Name"": ""comments"", ""Alias"": ""c"", ""Startup Cost"": 0.0, ""Total Cost"": 7259.84, ""Plan Rows"": 733, ""Plan Width"": 236, ""Actual Startup Time"": 2.226, ""Actual Total Time"": 126.79, ""Actual Rows"": 258, ""Actual Loops"": 3, ""Filter"": ""(text ~ '^(?:.*https://.*)$'::text)"", ""Rows Removed by Filter"": 57844, ""Workers"": []}, {""Node Type"": ""Index Scan"", ""Parent Relationship"": ""Inner"", ""Parallel Aware"": false, ""Async Capable"": false, ""Scan Direction"": ""Forward"", ""Index Name"": ""posts_pkey"", ""Relation Name"": ""posts"", ""Alias"": ""p"", ""Startup Cost"": 0.29, ""Total Cost"": 4.6, ""Plan Rows"": 1, ""Plan Width"": 825, ""Actual Startup Time"": 0.016, ""Actual Total Time"": 0.016, ""Actual Rows"": 1, ""Actual Loops"": 773, ""Index Cond"": ""(id = c.postid)"", ""Rows Removed by Index Recheck"": 0, ""Filter"": ""(body !~ '^(?:.*https://.*)$'::text)"", ""Rows Removed by Filter"": 0, ""Workers"": []}]}]}, ""Settings"": {}, ""Planning Time"": 0.891, ""Triggers"": [], ""Execution Time"": 136.095}]]]",143380000
regexp_like_3.sql,['string_operations'],"SELECT p.id, p.body, c.text FROM posts p JOIN comments c ON c.postid = p.id WHERE c.text SIMILAR to '%https://%' AND p.body NOT similar to '%https://%'",2025-03-09 21:26:31.850661,"[[[{""Plan"": {""Node Type"": ""Gather"", ""Parallel Aware"": false, ""Async Capable"": false, ""Startup Cost"": 1000.29, ""Total Cost"": 11807.94, ""Plan Rows"": 1738, ""Plan Width"": 1057, ""Actual Startup Time"": 4.272, ""Actual Total Time"": 138.845, ""Actual Rows"": 694, ""Actual Loops"": 1, ""Workers Planned"": 2, ""Workers Launched"": 2, ""Single Copy"": false, ""Plans"": [{""Node Type"": ""Nested Loop"", ""Parent Relationship"": ""Outer"", ""Parallel Aware"": false, ""Async Capable"": false, ""Join Type"": ""Inner"", ""Startup Cost"": 0.29, ""Total Cost"": 10634.14, ""Plan Rows"": 724, ""Plan Width"": 1057, ""Actual Startup Time"": 2.532, ""Actual Total Time"": 133.813, ""Actual Rows"": 231, ""Actual Loops"": 3, ""Inner Unique"": true, ""Workers"": [], ""Plans"": [{""Node Type"": ""Seq Scan"", ""Parent Relationship"": ""Outer"", ""Parallel Aware"": true, ""Async Capable"": false, ""Relation Name"": ""comments"", ""Alias"": ""c"", ""Startup Cost"": 0.0, ""Total Cost"": 7259.84, ""Plan Rows"": 733, ""Plan Width"": 236, ""Actual Startup Time"": 2.486, ""Actual Total Time"": 129.316, ""Actual Rows"": 258, ""Actual Loops"": 3, ""Filter"": ""(text ~ '^(?:.*https://.*)$'::text)"", ""Rows Removed by Filter"": 57844, ""Workers"": []}, {""Node Type"": ""Index Scan"", ""Parent Relationship"": ""Inner"", ""Parallel Aware"": false, ""Async Capable"": false, ""Scan Direction"": ""Forward"", ""Index Name"": ""posts_pkey"", ""Relation Name"": ""posts"", ""Alias"": ""p"", ""Startup Cost"": 0.29, ""Total Cost"": 4.6, ""Plan Rows"": 1, ""Plan Width"": 825, ""Actual Startup Time"": 0.016, ""Actual Total Time"": 0.016, ""Actual Rows"": 1, ""Actual Loops"": 773, ""Index Cond"": ""(id = c.postid)"", ""Rows Removed by Index Recheck"": 0, ""Filter"": ""(body !~ '^(?:.*https://.*)$'::text)"", ""Rows Removed by Filter"": 0, ""Workers"": []}]}]}, ""Settings"": {}, ""Planning Time"": 1.051, ""Triggers"": [], ""Execution Time"": 138.903}]]]",146342800
regexp_like_3.sql,['string_operations'],"SELECT p.id, p.body, c.text FROM posts p JOIN comments c ON c.postid = p.id WHERE c.text SIMILAR to '%https://%' AND p.body NOT similar to '%https://%'",2025-03-09 21:26:31.996886,"[[[{""Plan"": {""Node Type"": ""Gather"", ""Parallel Aware"": false, ""Async Capable"": false, ""Startup Cost"": 1000.29, ""Total Cost"": 11807.94, ""Plan Rows"": 1738, ""Plan Width"": 1057, ""Actual Startup Time"": 3.368, ""Actual Total Time"": 135.901, ""Actual Rows"": 694, ""Actual Loops"": 1, ""Workers Planned"": 2, ""Workers Launched"": 2, ""Single Copy"": false, ""Plans"": [{""Node Type"": ""Nested Loop"", ""Parent Relationship"": ""Outer"", ""Parallel Aware"": false, ""Async Capable"": false, ""Join Type"": ""Inner"", ""Startup Cost"": 0.29, ""Total Cost"": 10634.14, ""Plan Rows"": 724, ""Plan Width"": 1057, ""Actual Startup Time"": 2.364, ""Actual Total Time"": 130.174, ""Actual Rows"": 231, ""Actual Loops"": 3, ""Inner Unique"": true, ""Workers"": [], ""Plans"": [{""Node Type"": ""Seq Scan"", ""Parent Relationship"": ""Outer"", ""Parallel Aware"": true, ""Async Capable"": false, ""Relation Name"": ""comments"", ""Alias"": ""c"", ""Startup Cost"": 0.0, ""Total Cost"": 7259.84, ""Plan Rows"": 733, ""Plan Width"": 236, ""Actual Startup Time"": 2.266, ""Actual Total Time"": 126.001, ""Actual Rows"": 258, ""Actual Loops"": 3, ""Filter"": ""(text ~ '^(?:.*https://.*)$'::text)"", ""Rows Removed by Filter"": 57844, ""Workers"": []}, {""Node Type"": ""Index Scan"", ""Parent Relationship"": ""Inner"", ""Parallel Aware"": false, ""Async Capable"": false, ""Scan Direction"": ""Forward"", ""Index Name"": ""posts_pkey"", ""Relation Name"": ""posts"", ""Alias"": ""p"", ""Startup Cost"": 0.29, ""Total Cost"": 4.6, ""Plan Rows"": 1, ""Plan Width"": 825, ""Actual Startup Time"": 0.015, ""Actual Total Time"": 0.015, ""Actual Rows"": 1, ""Actual Loops"": 773, ""Index Cond"": ""(id = c.postid)"", ""Rows Removed by Index Recheck"": 0, ""Filter"": ""(body !~ '^(?:.*https://.*)$'::text)"", ""Rows Removed by Filter"": 0, ""Workers"": []}]}]}, ""Settings"": {}, ""Planning Time"": 0.859, ""Triggers"": [], ""Execution Time"": 135.964}]]]",143944300
regexp_like_3.sql,['string_operations'],"SELECT p.id, p.body, c.text FROM posts p JOIN comments c ON c.postid = p.id WHERE c.text SIMILAR to '%https://%' AND p.body NOT similar to '%https://%'",2025-03-09 21:26:32.141439,"[[[{""Plan"": {""Node Type"": ""Gather"", ""Parallel Aware"": false, ""Async Capable"": false, ""Startup Cost"": 1000.29, ""Total Cost"": 11807.94, ""Plan Rows"": 1738, ""Plan Width"": 1057, ""Actual Startup Time"": 3.106, ""Actual Total Time"": 131.59, ""Actual Rows"": 694, ""Actual Loops"": 1, ""Workers Planned"": 2, ""Workers Launched"": 2, ""Single Copy"": false, ""Plans"": [{""Node Type"": ""Nested Loop"", ""Parent Relationship"": ""Outer"", ""Parallel Aware"": false, ""Async Capable"": false, ""Join Type"": ""Inner"", ""Startup Cost"": 0.29, ""Total Cost"": 10634.14, ""Plan Rows"": 724, ""Plan Width"": 1057, ""Actual Startup Time"": 2.013, ""Actual Total Time"": 126.828, ""Actual Rows"": 231, ""Actual Loops"": 3, ""Inner Unique"": true, ""Workers"": [], ""Plans"": [{""Node Type"": ""Seq Scan"", ""Parent Relationship"": ""Outer"", ""Parallel Aware"": true, ""Async Capable"": false, ""Relation Name"": ""comments"", ""Alias"": ""c"", ""Startup Cost"": 0.0, ""Total Cost"": 7259.84, ""Plan Rows"": 733, ""Plan Width"": 236, ""Actual Startup Time"": 1.971, ""Actual Total Time"": 122.798, ""Actual Rows"": 258, ""Actual Loops"": 3, ""Filter"": ""(text ~ '^(?:.*https://.*)$'::text)"", ""Rows Removed by Filter"": 57844, ""Workers"": []}, {""Node Type"": ""Index Scan"", ""Parent Relationship"": ""Inner"", ""Parallel Aware"": false, ""Async Capable"": false, ""Scan Direction"": ""Forward"", ""Index Name"": ""posts_pkey"", ""Relation Name"": ""posts"", ""Alias"": ""p"", ""Startup Cost"": 0.29, ""Total Cost"": 4.6, ""Plan Rows"": 1, ""Plan Width"": 825, ""Actual Startup Time"": 0.015, ""Actual Total Time"": 0.015, ""Actual Rows"": 1, ""Actual Loops"": 773, ""Index Cond"": ""(id = c.postid)"", ""Rows Removed by Index Recheck"": 0, ""Filter"": ""(body !~ '^(?:.*https://.*)$'::text)"", ""Rows Removed by Filter"": 0, ""Workers"": []}]}]}, ""Settings"": {}, ""Planning Time"": 0.889, ""Triggers"": [], ""Execution Time"": 131.652}]]]",138780700
regexp_like_3.sql,['string_operations'],"SELECT p.id, p.body, c.text FROM posts p JOIN comments c ON c.postid = p.id WHERE c.text SIMILAR to '%https://%' AND p.body NOT similar to '%https://%'",2025-03-09 21:26:32.279605,"[[[{""Plan"": {""Node Type"": ""Gather"", ""Parallel Aware"": false, ""Async Capable"": false, ""Startup Cost"": 1000.29, ""Total Cost"": 11807.94, ""Plan Rows"": 1738, ""Plan Width"": 1057, ""Actual Startup Time"": 3.059, ""Actual Total Time"": 133.566, ""Actual Rows"": 694, ""Actual Loops"": 1, ""Workers Planned"": 2, ""Workers Launched"": 2, ""Single Copy"": false, ""Plans"": [{""Node Type"": ""Nested Loop"", ""Parent Relationship"": ""Outer"", ""Parallel Aware"": false, ""Async Capable"": false, ""Join Type"": ""Inner"", ""Startup Cost"": 0.29, ""Total Cost"": 10634.14, ""Plan Rows"": 724, ""Plan Width"": 1057, ""Actual Startup Time"": 1.963, ""Actual Total Time"": 128.157, ""Actual Rows"": 231, ""Actual Loops"": 3, ""Inner Unique"": true, ""Workers"": [], ""Plans"": [{""Node Type"": ""Seq Scan"", ""Parent Relationship"": ""Outer"", ""Parallel Aware"": true, ""Async Capable"": false, ""Relation Name"": ""comments"", ""Alias"": ""c"", ""Startup Cost"": 0.0, ""Total Cost"": 7259.84, ""Plan Rows"": 733, ""Plan Width"": 236, ""Actual Startup Time"": 1.922, ""Actual Total Time"": 124.025, ""Actual Rows"": 258, ""Actual Loops"": 3, ""Filter"": ""(text ~ '^(?:.*https://.*)$'::text)"", ""Rows Removed by Filter"": 57844, ""Workers"": []}, {""Node Type"": ""Index Scan"", ""Parent Relationship"": ""Inner"", ""Parallel Aware"": false, ""Async Capable"": false, ""Scan Direction"": ""Forward"", ""Index Name"": ""posts_pkey"", ""Relation Name"": ""posts"", ""Alias"": ""p"", ""Startup Cost"": 0.29, ""Total Cost"": 4.6, ""Plan Rows"": 1, ""Plan Width"": 825, ""Actual Startup Time"": 0.015, ""Actual Total Time"": 0.015, ""Actual Rows"": 1, ""Actual Loops"": 773, ""Index Cond"": ""(id = c.postid)"", ""Rows Removed by Index Recheck"": 0, ""Filter"": ""(body !~ '^(?:.*https://.*)$'::text)"", ""Rows Removed by Filter"": 0, ""Workers"": []}]}]}, ""Settings"": {}, ""Planning Time"": 0.872, ""Triggers"": [], ""Execution Time"": 133.634}]]]",140998600
regexp_like_3.sql,['string_operations'],"SELECT p.id, p.body, c.text FROM posts p JOIN comments c ON c.postid = p.id WHERE c.text SIMILAR to '%https://%' AND p.body NOT similar to '%https://%'",2025-03-09 21:26:32.421023,"[[[{""Plan"": {""Node Type"": ""Gather"", ""Parallel Aware"": false, ""Async Capable"": false, ""Startup Cost"": 1000.29, ""Total Cost"": 11807.94, ""Plan Rows"": 1738, ""Plan Width"": 1057, ""Actual Startup Time"": 3.139, ""Actual Total Time"": 139.466, ""Actual Rows"": 694, ""Actual Loops"": 1, ""Workers Planned"": 2, ""Workers Launched"": 2, ""Single Copy"": false, ""Plans"": [{""Node Type"": ""Nested Loop"", ""Parent Relationship"": ""Outer"", ""Parallel Aware"": false, ""Async Capable"": false, ""Join Type"": ""Inner"", ""Startup Cost"": 0.29, ""Total Cost"": 10634.14, ""Plan Rows"": 724, ""Plan Width"": 1057, ""Actual Startup Time"": 2.164, ""Actual Total Time"": 133.671, ""Actual Rows"": 231, ""Actual Loops"": 3, ""Inner Unique"": true, ""Workers"": [], ""Plans"": [{""Node Type"": ""Seq Scan"", ""Parent Relationship"": ""Outer"", ""Parallel Aware"": true, ""Async Capable"": false, ""Relation Name"": ""comments"", ""Alias"": ""c"", ""Startup Cost"": 0.0, ""Total Cost"": 7259.84, ""Plan Rows"": 733, ""Plan Width"": 236, ""Actual Startup Time"": 2.119, ""Actual Total Time"": 129.268, ""Actual Rows"": 258, ""Actual Loops"": 3, ""Filter"": ""(text ~ '^(?:.*https://.*)$'::text)"", ""Rows Removed by Filter"": 57844, ""Workers"": []}, {""Node Type"": ""Index Scan"", ""Parent Relationship"": ""Inner"", ""Parallel Aware"": false, ""Async Capable"": false, ""Scan Direction"": ""Forward"", ""Index Name"": ""posts_pkey"", ""Relation Name"": ""posts"", ""Alias"": ""p"", ""Startup Cost"": 0.29, ""Total Cost"": 4.6, ""Plan Rows"": 1, ""Plan Width"": 825, ""Actual Startup Time"": 0.016, ""Actual Total Time"": 0.016, ""Actual Rows"": 1, ""Actual Loops"": 773, ""Index Cond"": ""(id = c.postid)"", ""Rows Removed by Index Recheck"": 0, ""Filter"": ""(body !~ '^(?:.*https://.*)$'::text)"", ""Rows Removed by Filter"": 0, ""Workers"": []}]}]}, ""Settings"": {}, ""Planning Time"": 0.847, ""Triggers"": [], ""Execution Time"": 139.531}]]]",146772300
regexp_like_3.sql,['string_operations'],"SELECT p.id, p.body, c.text FROM posts p JOIN comments c ON c.postid = p.id WHERE c.text SIMILAR to '%https://%' AND p.body NOT similar to '%https://%'",2025-03-09 21:26:32.568166,"[[[{""Plan"": {""Node Type"": ""Gather"", ""Parallel Aware"": false, ""Async Capable"": false, ""Startup Cost"": 1000.29, ""Total Cost"": 11807.94, ""Plan Rows"": 1738, ""Plan Width"": 1057, ""Actual Startup Time"": 3.042, ""Actual Total Time"": 131.461, ""Actual Rows"": 694, ""Actual Loops"": 1, ""Workers Planned"": 2, ""Workers Launched"": 2, ""Single Copy"": false, ""Plans"": [{""Node Type"": ""Nested Loop"", ""Parent Relationship"": ""Outer"", ""Parallel Aware"": false, ""Async Capable"": false, ""Join Type"": ""Inner"", ""Startup Cost"": 0.29, ""Total Cost"": 10634.14, ""Plan Rows"": 724, ""Plan Width"": 1057, ""Actual Startup Time"": 3.105, ""Actual Total Time"": 126.107, ""Actual Rows"": 231, ""Actual Loops"": 3, ""Inner Unique"": true, ""Workers"": [], ""Plans"": [{""Node Type"": ""Seq Scan"", ""Parent Relationship"": ""Outer"", ""Parallel Aware"": true, ""Async Capable"": false, ""Relation Name"": ""comments"", ""Alias"": ""c"", ""Startup Cost"": 0.0, ""Total Cost"": 7259.84, ""Plan Rows"": 733, ""Plan Width"": 236, ""Actual Startup Time"": 3.025, ""Actual Total Time"": 122.065, ""Actual Rows"": 258, ""Actual Loops"": 3, ""Filter"": ""(text ~ '^(?:.*https://.*)$'::text)"", ""Rows Removed by Filter"": 57844, ""Workers"": []}, {""Node Type"": ""Index Scan"", ""Parent Relationship"": ""Inner"", ""Parallel Aware"": false, ""Async Capable"": false, ""Scan Direction"": ""Forward"", ""Index Name"": ""posts_pkey"", ""Relation Name"": ""posts"", ""Alias"": ""p"", ""Startup Cost"": 0.29, ""Total Cost"": 4.6, ""Plan Rows"": 1, ""Plan Width"": 825, ""Actual Startup Time"": 0.015, ""Actual Total Time"": 0.015, ""Actual Rows"": 1, ""Actual Loops"": 773, ""Index Cond"": ""(id = c.postid)"", ""Rows Removed by Index Recheck"": 0, ""Filter"": ""(body !~ '^(?:.*https://.*)$'::text)"", ""Rows Removed by Filter"": 0, ""Workers"": []}]}]}, ""Settings"": {}, ""Planning Time"": 0.834, ""Triggers"": [], ""Execution Time"": 131.521}]]]",138518600
